{
    "page-title": "Centru Echitație",
    "page-title-2":"Galerie",
    "page-title-3":"Stiai ca?",
    "page-title-4":"Contacteza-ne!",
    "page-title-5":"Intra in cont",
    "page-title-6":"Inregistreaza-te",
    "nav-home": "Acasă",
    "nav-did-you-know": "Știai că?",
    "nav-gallery": "Galerie",
    "nav-schedule": "Programează-te",
    "nav-contact": "Contactează-ne!",
    "nav-login": "Intră în cont",
    "nav-signup": "Fă-ți un cont",
    "hero-title": "Caii sunt cunoscuți pentru abilitatea lor de a stimula schimbarea",
    "hero-cta": "Programează-te acum! <i class='fa-solid fa-calendar-days'></i>",
    "about-welcome": "Bine ați venit!",
    "about-description": "Centrul de echitație \"Călărim împreună\" a fost înființat în 2023. Suntem un centru de echitație prietenos, situat chiar în afara orașului, cu vedere spre Cluj. Oferim servicii atât pentru copii de la 10 ani în sus, cât și pentru adulți de toate vârstele. De asemenea, ne adresăm atât începătorilor complet, cât și călăreților avansați. Fie că este vorba despre o experiență unică în viață sau despre o activitate săptămânală, suntem aici pentru dumneavoastră. Dispunem de o arenă acoperită, fapt care ne permite să funcționăm indiferent de vreme.",
    "about-quote": "\"Caii oglindesc emoțiile noastre; ei ne oferă posibilitatea de a ne vedea pe noi înșine cu sinceritate și ne învață lecția empatiei prin tăcerea lor profundă.\"",
    "first-day-title": "Ai emoții pentru prima ta zi?",
    "first-day-description": "Nu-ți face griji! Deși este prima dată când călărești un cal poate fi o provocare, este, de asemenea, plină de emoții. Este o experiență pe care nu vrei să o ratezi! Poți urmări videoclipul de mai jos pentru a vedea cum să călărești un cal pas cu pas pentru a mai scăpa de emoții!",
    "not-sure-title": "Încă nu ești sigur de unde să începi?",
    "not-sure-description": "Nu îți face griji! Aici sunt câteva activități de unde poți începe:",
    "activity-1": "<i class='fa-sharp fa-solid fa-circle-check'></i> <strong>Mersul la trap</strong> este un mers diagonal al calului, caracterizat de două bătăi. Este conceput pentru confortul calului, ajutând la reducerea tensiunii asupra spatelui acestuia.",
    "activity-2": "<i class='fa-sharp fa-solid fa-circle-check'></i> <strong>Mersul la galop</strong> și canterul sunt variații ale celui mai rapid mers pe care îl poate executa un cal, fiind mai rapid decât majoritatea trapurilor calului.",
    "activity-3": "<i class='fa-sharp fa-solid fa-circle-check'></i> <strong>Plimbările călare</strong> sunt destinate călăreților experimentați, care trebuie să fie capabili să meargă la pas, trap și galop. Veți traversa râul în timpul plimbării și veți explora trasee prin pădure.",
    "activity-4": "<i class='fa-sharp fa-solid fa-circle-check'></i> <strong>Săriturile</strong> implică îndrumarea unui cal de către călăreț printre o serie de obstacole.",
    "location-title": "Locația centrului de echitație",
    "user-location-title": "Vrei să vezi locația ta?",
    "user-location-btn": "Arată-mi locația",
    "footer-title": "Centru de călărie | Călărim împreună",
    "footer-copyright": "Copyright © Toate drepturile rezervate",
    "social-facebook": "Vizitează pagina noastră de Facebook",
    "social-twitter": "Vizitează pagina noastră de Twitter",
    "social-youtube": "Vizitează canalul nostru de YouTube",
    "social-instagram": "Vizitează pagina noastră de Instagram",
    "booking-title": "Programează-te",
    "booking-description": "Vă rugăm să alegeți activitatea și abilitățile de călărie, iar apoi data și ora la care doriți să veniți. Nu vă supraestimați abilitățile de călărie deoarece este periculos atât pentru dumneavoastră, cât și pentru ceilalți. Dacă nu sunteți onesti, nu o să vă fie permis să călăriți!",
    "instructors-quote": "Instructorii noștri sunt calificați de FER și scopul nostru este să vă ajutăm să vă placă și să înțelegeți caii. Toți caii noștri sunt folosiți pentru dresaj, sărituri peste obstacole și cross-country, lucrând la diverse niveluri pentru a se potrivi cu abilitatea călărețului și au temperament foarte bun.",
    "service-1": "Servicii utile",
    "service-2": "Spațiu exterior și interior",
    "service-3": "Experiență",
    "label-nume": "Nume complet:",
    "label-data-programare": "Data programării:",
    "label-ora": "Ora:",
    "label-mesaj": "Mesaj (opțional):",
    "label-horse": "Selectează calul:",
    "btn-booking": "Programează-te",
    "btn-reset": "Resetează",
    "memories-title": "Amintiri de neuitat!",
    "gallery-1": "Plimbare în pădure",
    "gallery-2": "Salt peste obstacol",
    "gallery-3": "Ponei",
    "gallery-4": "Copil pe cal",
    "gallery-5": "Copil îmbrățișând calul",
    "gallery-6": "Copil vorbind cu calul",
    "gallery-7": "Prima oară pe cal",
    "gallery-8": "Plimbare",
    "gallery-9": "Curățenie grajduri",
    "gallery-10": "Călăreț nervos",
    "gallery-11": "Învățând să călărim",
    "gallery-12": "Călăreț",
    "contact-title": "Contactează-ne!",
    "contact-description": "Dacă aveți întrebări despre vreunul dintre serviciile noastre, vă rugăm să ne contactați prin telefon, email sau poștă:",
    "contact-phone": "Telefon: 0787858555",
    "contact-email": "Email: info@calarimimpreuna.com",
    "contact-mailbox": "Mail",
    "contact-person": "Elena Dragoi",
    "contact-address": "Centrul de echitație \"Călărim Împreună\", str. Calului, nr. 45",
    "contact-city": "Cluj",
    "contact-visit": "sau treceți pe la noi!",
    "login-username-label": "Nume Utilizator",
    "login-password-label": "Parola",
    "login-button": "Autentificare",
    "signup-title": "Înregistrare",
    "error-message": "A apărut o eroare.",
    "success-message": "Înregistrare reușită!",
    "username-label": "Nume Utilizator",
    "password-label": "Parola",
    "skill-level-label": "Nivel Competentă",
    "beginner-option": "Începător",
    "intermediate-option": "Intermediar",
    "advanced-option": "Avansat",
    "name-label": "Nume",
    "email-label": "Email",
    "phone-label": "Nr Telefon",
    "birthdate-label": "Data Nașterii",
    "submit-button": "Înregistrează-te"
}
                                    