{
    "page-title": "Centre équestre",
    "page-title-2":"Galerie",
    "page-title-3":"Le saviez-vous?",
    "page-title-4":"Contactez-nous!",
    "page-title-5":"connecter",
    "page-title-6":"S'inscrire",
    "nav-home": "Accueil",
    "nav-did-you-know": "Le saviez-vous ?",
    "nav-gallery": "Galerie",
    "nav-schedule": "Réservez un rendez-vous",
    "nav-contact": "Contactez-nous !",
    "nav-login": "Se connecter",
    "nav-signup": "S'inscrire",
    "hero-title": "Les chevaux sont connus pour leur capacité à inspirer le changement",
    "hero-cta": "Réservez maintenant ! <i class='fa-solid fa-calendar-days'></i>",
    "about-welcome": "Bienvenue !",
    "about-description": "Le centre équestre 'Riding Together' a été fondé en 2023. Nous sommes un centre équestre convivial situé juste à l'extérieur de la ville, avec une vue sur Cluj. Nous proposons des services pour les enfants à partir de 10 ans, ainsi que pour les adultes de tous âges. De plus, nous accueillons aussi bien les débutants que les cavaliers expérimentés. Que ce soit pour une expérience unique ou une activité hebdomadaire, nous sommes là pour vous. Nous disposons d'une arène intérieure, ce qui nous permet de fonctionner quel que soit le temps.",
    "about-quote": "\"Les chevaux reflètent nos émotions ; ils nous permettent de nous voir honnêtement et nous enseignent la leçon de l'empathie à travers leur silence profond.\"",
    "first-day-title": "Vous êtes nerveux pour votre premier jour ?",
    "first-day-description": "Ne vous inquiétez pas ! Bien que monter un cheval pour la première fois puisse être un défi, c'est aussi excitant. C'est une expérience que vous ne voulez pas manquer ! Regardez la vidéo ci-dessous pour voir étape par étape comment monter un cheval et apaiser vos nerfs !",
    "not-sure-title": "Vous ne savez toujours pas par où commencer ?",
    "not-sure-description": "Ne vous inquiétez pas ! Voici quelques activités que vous pouvez essayer :",
    "activity-1": "<i class='fa-sharp fa-solid fa-circle-check'></i> <strong>Le trot</strong> est une allure diagonale du cheval, caractérisée par deux temps. Elle est conçue pour le confort du cheval, ce qui permet de réduire la tension sur son dos.",
    "activity-2": "<i class='fa-sharp fa-solid fa-circle-check'></i> <strong>Le galop</strong> et le canter sont des variations de l'allure la plus rapide qu'un cheval puisse adopter, plus rapide que la plupart des trots.",
    "activity-3": "<i class='fa-sharp fa-solid fa-circle-check'></i> <strong>Les promenades à cheval</strong> sont destinées aux cavaliers expérimentés qui doivent être capables de marcher, trotter et galoper. Vous traverserez une rivière et explorerez des sentiers forestiers pendant la balade.",
    "activity-4": "<i class='fa-sharp fa-solid fa-circle-check'></i> <strong>Le saut</strong> consiste à guider un cheval à travers une série d'obstacles.",
    "location-title": "Emplacement du centre équestre",
    "user-location-title": "Voulez-vous voir votre position ?",
    "user-location-btn": "Montrez-moi ma position",
    "footer-title": "Centre équestre | Riding Together",
    "footer-copyright": "Copyright © Tous droits réservés",
    "social-facebook": "Visitez notre page Facebook",
    "social-twitter": "Visitez notre page Twitter",
    "social-youtube": "Visitez notre chaîne YouTube",
    "social-instagram": "Visitez notre page Instagram",
    "booking-title": "Réservez",
    "booking-description": "Veuillez choisir l'activité et les compétences équestres, puis la date et l'heure auxquelles vous souhaitez venir. Ne surestimez pas vos compétences en équitation car cela est dangereux pour vous et pour les autres. Si vous n'êtes pas honnêtes, vous ne serez pas autorisés à monter !",
    "instructors-quote": "Nos instructeurs sont certifiés par la FER et notre objectif est de vous aider à aimer et comprendre les chevaux. Tous nos chevaux sont utilisés pour le dressage, les sauts d'obstacles et le cross-country, travaillant à différents niveaux pour s'adapter à l'habileté du cavalier et ont un excellent tempérament.",
    "service-1": "Services utiles",
    "service-2": "Espace intérieur et extérieur",
    "service-3": "Expérience",
    "label-nume": "Nom complet:",
    "label-data-programare": "Date de la réservation:",
    "label-ora": "Heure:",
    "label-mesaj": "Message (optionnel):",
    "label-horse": "Sélectionnez le cheval:",
    "btn-booking": "Réservez",
    "btn-reset": "Réinitialiser",
    "memories-title": "Souvenirs inoubliables!",
    "gallery-1": "Promenade en forêt",
    "gallery-2": "Sauter un obstacle",
    "gallery-3": "Poney",
    "gallery-4": "Enfant à cheval",
    "gallery-5": "Enfant étreignant le cheval",
    "gallery-6": "Enfant parlant au cheval",
    "gallery-7": "Première fois à cheval",
    "gallery-8": "Promenade",
    "gallery-9": "Nettoyage des écuries",
    "gallery-10": "Cavalier nerveux",
    "gallery-11": "Apprendre à monter",
    "gallery-12": "Cavalier",
    "contact-title": "Contactez-nous!",
    "contact-description": "Si vous avez des questions sur nos services, veuillez nous contacter par téléphone, email ou par courrier :",
    "contact-phone": "Téléphone : 0787858555",
    "contact-email": "Email : info@calarimimpreuna.com",
    "contact-mailbox": "Courrier",
    "contact-person": "Elena Dragoi",
    "contact-address": "Centre équestre \"Cavalier Ensemble\", rue Calului, n° 45",
    "contact-city": "Cluj",
    "contact-visit": "ou venez nous rendre visite!",
    "login-username-label": "Nom d'utilisateur",
    "login-password-label": "Mot de passe",
    "login-button": "Se connecter",
    "signup-title": "Inscription",
    "error-message": "Une erreur est survenue.",
    "success-message": "Inscription réussie!",
    "username-label": "Nom d'utilisateur",
    "password-label": "Mot de passe",
    "skill-level-label": "Niveau de compétence",
    "beginner-option": "Débutant",
    "intermediate-option": "Intermédiaire",
    "advanced-option": "Avancé",
    "name-label": "Nom",
    "email-label": "Email",
    "phone-label": "Numéro de téléphone",
    "birthdate-label": "Date de naissance",
    "submit-button": "S'inscrire"
    
}
